FPGA Pin Number, Pin Name,Function,Configuration Function, Connected To;
13,IOR25B/TMS,I/O,TMS,JTAG Connector TMS; 
14,IOR26A/TCK,I/O,TCK,JTAG Connector TCK;
16,IOR26B/TDI,I/O,TDI,JTAG Connector TDI;
18,IOR25A/TDO,I/O,TDO,JTAG Connector TDO;
22,IOR32A/READY,I/O,READY,MCU PIN 13(pull up);
21,IOR32B/DONE,I/O,DONE,MCU PIN 14(pull up);
20,IOR31B/RECONFIG_N,I/O,RECONFIG_N, MCU PIN 15(pull up);
15,IOR39A/SCLK,I/O,SCLK,MCU PIN 16;
23,IOL32A,I/O,None, EEPROM SCL;
24,IOL32B,I/O,None, EEPROM SDA;
90,IOR35B/SI/D2,I/O,SI/D2,MCU PIN 28;
88,IOR36A/SO/D1,I/O,SO/D1/D0,MCU PIN 39;
87,IOR36B/SSPI_CS_N/D0,I/O,SSPI_CS_N/D0,GND;
86,IOR38A/DIN/CLKHOLD_N,I/O,DIN/CLKHOLD_N,MCU PIN 40;
144,IOR30A/MODE0,I/O,MODE0,GND; 
142,IOR30B/MODE1,I/O,MODE1,GND;
143,IOR31A/MODE2,I/O,MODE2,GND;
99,IOR22B,I/O,None,RIGHT(Internal pull-up)
100,IOR22A,I/O,None,DOWN(Internal pull-up)
101,IOR20B,I/O,None,UP(Internal pull-up)
102,IOR20A,I/O,None,LEFT(Internal pull-up)
51,IOB20B,I/O,None,A(Internal pull-up)
50,IOB20A,I/O,None,B(Internal pull-up)
97,IOR27B/GCLKC_2,I/O,None,START(Internal pull-up)
98,IOR27A/GCLKT_2,I/O,None,SELECT(Internal pull-up)
27,IOL33A,I/O,None,GB LINK PORT SERIAL IN (Series Resistance)
28,IOL33B,I/O,None,GB LINK PORT SERIAL OUT (Series -R-C-)
29,IOL36A,I/O,None,IC TT5 1D PIN 5
30,IOL36B,I/O,None,IC TT5 1D PIN 3
3,IOL2A,I/O,None,IC TT5 1D PIN 1
31,VCCX/VCCIO4/VCCIO6,Power,None,VCC;
55,VCCX/VCCIO4/VCCIO6,Power,None,VCC;
1,VCC/VCCPLLL1,Power,None,VCC;
36,VCC/VCCPLLL1,Power,None,VCC;
73,VCC/VCCPLLL1,Power,None,VCC;
108,VCC/VCCPLLL1,Power,None,VCC;
127,VCCIO0,Power,None,VCC;
109,VCCIO1,Power,None,VCC;
5,VCCIO2/VCCIO7,Power,None,VCC;
19,VCCIO2/VCCIO7,Power,None,VCC;
103,VCCIO2/VCCIO7,Power,None,VCC;
91,VCCIO3,Power,None,VCC;
77,VCCIO3,Power,None,VCC;
37,VCCIO5,Power,None,VCC;
8,VCCPLL0,Power,None,VCC;
104,VCCPLLR0,Power,None,VCC;
81,VCCPLLR1,Power,None,VCC;
31,VCCX/VCCIO4/VCCIO6,Power,None,VCC;
55,VCCX/VCCIO4/VCCIO6,Power,None,VCC;
2,VSS,Ground,None,GND;
74,VSS,Ground,None,GND;
107,VSS,Ground,None,GND;
17,VSS,Ground,None,GND;
53,VSS,Ground,None,GND;
89,VSS,Ground,None,GND;
112,IOT48B,I/O,CLK_N LVDS,MIPI CLK_N LVDS; 
113,IOT48A,I/O,CLK_P LVDS,MIPI CLK_P LVDS;
114,IOT42B,I/O,1N LVDS,MIPI DATA 1_N LVDS;
115,IOT42A,I/O,1P LVDS,MIPI DATA 1_P LVDS;
116,IOT40B,I/O,0N LVDS,MIPI DATA 0_N LVDS;
117,IOT40A,I/O,0P LVDS,MIPI DATA 0_P LVDS;
128,IOT19A,I/O,CLK_N,MIPI CLK_N; 
126,IOT23A,I/O,CLK_P,MIPI CLK_P;
125,IOT22A,I/O,1N,MIPI DATA 1_N;
124,IOT23B,I/O,1P,MIPI DATA 1_P;
123,IOT27A,I/O,0N,MIPI DATA 0_N;
122,IOT27B,I/O,0P,MIPI DATA 0_P;
60,IOB34A,I/O,None,CARTUCHO PIN 2 (Via Level Shifter);
61,IOB34B,I/O,None,CARTUCHO PIN 3 (Via Level Shifter);
62,IOB38A,I/O,None,CARTUCHO PIN 4 (Via Level Shifter);
63,IOB38B,I/O,None,CARTUCHO PIN 5 (Via Level Shifter);
64,IOB40A,I/O,None,CARTUCHO PIN 6; 
65,IOB40B,I/O,None,CARTUCHO PIN 7;
66,IOB42A,I/O,None,CARTUCHO PIN 8;
67,IOB42B,I/O,None,CARTUCHO PIN 9;
68,IOB48A,I/O,None,CARTUCHO PIN 10;
69,IOB48B,I/O,None,CARTUCHO PIN 11;
70,IOB53A,I/O,None,CARTUCHO PIN 12;
71,IOB53B,I/O,None,CARTUCHO PIN 13;
72,IOB55B,I/O,None,CARTUCHO PIN 14;
38,IOB5A,I/O,None,CARTUCHO PIN 29 (Via Level Shifter);
39,IOB5B,I/O,None,CARTUCHO PIN 28 (Via Level Shifter);
40,IOB6A,I/O,None,CARTUCHO PIN 27 (Via Level Shifter);
41,IOB6B,I/O,None,CARTUCHO PIN 26 (Via Level Shifter);
42,IOB7A,I/O,None,CARTUCHO PIN 25 (Via Level Shifter);
43,IOB7B,I/O,None,CARTUCHO PIN 24 (Via Level Shifter);
44,IOB12A,I/O,None,CARTUCHO PIN 23 (Via Level Shifter);
45,IOB12B,I/O,None,CARTUCHO PIN 22 (Via Level Shifter);
48,IOB17A,I/O,None, OE YF04E;